{"cameraMode":{"drawMode":0,"name":"Shaded","section":"Shading Mode"},"sceneLighting":false,"audioPlay":false,"sceneViewState":{"m_AlwaysRefresh":false,"showFog":true,"showSkybox":false,"showFlares":true,"showImageEffects":true,"showParticleSystems":true,"showVisualEffectGraphs":true,"m_FxEnabled":true},"in2DMode":false,"pivot":{"x":343.20684814453127,"y":409.96197509765627,"z":-10.396575927734375},"rotation":{"x":-0.00030395633075386286,"y":0.9838794469833374,"z":-0.17884261906147004,"w":-0.0016718552215024829},"size":211.8124542236328,"orthographic":false}